District Name,District Code,First Language Not English #,First Language Not English %,English Language Learner #,English Language Learner %,Students With Disabilities #,Students With Disabilities %,Low Income #,Low Income %,Free Lunch #,Free Lunch %,Reduced Lunch #,Reduced Lunch %,High Needs #,High Needs #,Economically Disadvantaged #,Economically Disadvantaged %
Abby Kelley Foster Charter Public (District),04450000,965,67.7,221,15.5,189,13.3,982,68.9,,,,,1101,77.2,,
Abington,00010000,330,15.3,195,9.1,383,17.5,847,39.3,,,,,1069,48.8,,
Academy Of the Pacific Rim Charter Public (District),04120000,160,31.4,46,9,133,26.1,327,64.1,,,,,384,75.3,,
Acton-Boxborough,06000000,1095,21.1,256,4.9,775,14.7,566,10.9,,,,,1513,28.8,,
Acushnet,00030000,14,1.5,4,0.4,136,14.4,346,37,,,,,431,45.7,,
Advanced Math and Science Academy Charter (District),04300000,233,24.1,26,2.7,41,4.2,142,14.7,,,,,248,25.7,,
Agawam,00050000,471,13.6,171,4.9,596,17,1522,43.9,,,,,1889,54,,
Alma del Mar Charter School (District),04090000,438,46.4,309,32.7,156,16.5,721,76.4,,,,,817,86.5,,
Amesbury,00070000,62,3.5,29,1.6,423,23.1,603,33.6,,,,,832,45.4,,
Amherst,00080000,279,26.5,119,11.3,242,22.9,406,38.6,,,,,547,51.8,,
Amherst-Pelham,06050000,247,19.4,102,8,280,21.9,416,32.8,,,,,573,44.9,,
Andover,00090000,908,16.6,161,3,1100,19.9,673,12.3,,,,,1779,32.3,,
Argosy Collegiate Charter School (District),35090000,147,26,114,20.1,146,25.8,447,79,,,,,490,86.6,,
Arlington,00100000,703,12,247,4.2,944,15.9,675,11.5,,,,,1658,27.9,,
Ashburnham-Westminster,06100000,108,4.8,42,1.8,433,18.9,593,26.1,,,,,886,38.7,,
Ashland,00140000,889,31,219,7.6,536,18.5,651,22.7,,,,,1136,39.2,,
Assabet Valley Regional Vocational Technical,08010000,235,20.6,54,4.7,288,25.3,502,44.1,,,,,707,62.1,,
Athol-Royalston,06150000,92,6,40,2.6,383,24.4,1022,66.4,,,,,1141,72.6,,
Atlantis Charter (District),04910000,379,29.7,219,17.1,153,12,826,64.7,,,,,926,72.5,,
Attleboro,00160000,871,14.8,324,5.5,1046,17.7,2494,42.5,,,,,3108,52.6,,
Auburn,00170000,273,10.6,57,2.2,313,12.1,788,30.6,,,,,1014,39.2,,
Avon,00180000,94,13.1,72,10.1,154,21.4,348,48.7,,,,,446,61.9,,
Ayer Shirley School District,06160000,164,10.1,58,3.6,339,20.5,549,33.8,,,,,775,46.8,,
Barnstable,00200000,1346,28.3,756,15.9,857,17.9,2625,55.3,,,,,3167,66.1,,
Baystate Academy Charter Public School (District),35020000,115,25.2,31,6.8,90,19.7,381,83.6,,,,,398,87.3,,
Bedford,00230000,458,17.6,102,3.9,472,17.9,342,13.1,,,,,856,32.4,,
Belchertown,00240000,56,2.6,38,1.8,426,19.9,544,25.5,,,,,826,38.5,,
Bellingham,00250000,130,6.6,71,3.6,399,19.9,642,32.4,,,,,907,45.2,,
Belmont,00260000,1195,27.4,362,8.3,604,13.5,503,11.5,,,,,1452,32.6,,
Benjamin Banneker Charter Public (District),04200000,107,32.5,17,5.2,47,14.3,236,71.7,,,,,256,77.8,,
Benjamin Franklin Classical Charter Public (District),04470000,186,22.7,62,7.6,117,14.3,161,19.7,,,,,308,37.7,,
Berkley,00270000,8,0.9,8,0.9,147,16.8,241,27.7,,,,,328,37.6,,
Berkshire Arts and Technology Charter Public (District),04140000,5,1.4,5,1.4,74,20.2,213,58.2,,,,,241,65.8,,
Berkshire Hills,06180000,127,10.7,67,5.6,207,17.2,499,42,,,,,607,50.3,,
Berlin-Boylston,06200000,131,12.4,26,2.5,180,16.9,178,16.9,,,,,334,31.3,,
Beverly,00300000,457,9.9,165,3.6,926,19.7,1600,34.5,,,,,2166,46,,
Billerica,00310000,610,12.9,100,2.1,1051,21.9,1285,27.1,,,,,2012,42,,
Blackstone Valley Regional Vocational Technical,08050000,16,1.3,8,0.6,136,11,192,15.6,,,,,296,24,,
Blackstone-Millville,06220000,104,6.8,27,1.8,287,18.4,558,36.3,,,,,728,46.7,,
Blue Hills Regional Vocational Technical,08060000,69,7.5,15,1.6,242,26.4,371,40.5,,,,,541,59,,
Boston,00350000,22227,48.1,14038,30.4,10167,21.9,32854,71.2,,,,,37940,81.5,,
Boston Collegiate Charter (District),04490000,82,11.7,31,4.4,135,19.2,313,44.6,,,,,407,58,,
Boston Day and Evening Academy Charter (District),04240000,122,35.1,45,12.9,137,39.4,271,77.9,,,,,303,87.1,,
Boston Green Academy Horace Mann Charter School (District),04110000,173,35.6,83,17.1,166,34.2,383,78.8,,,,,427,87.9,,
Boston Preparatory Charter Public (District),04160000,256,36.8,132,19,143,20.5,494,71,,,,,586,84.2,,
Boston Renaissance Charter Public (District),04810000,260,27.7,123,13.1,95,10.1,674,71.8,,,,,718,76.5,,
Bourne,00360000,32,2.1,16,1,313,19.9,598,38.4,,,,,761,48.3,,
Boxford,00380000,12,1.6,8,1.1,150,20.1,63,8.5,,,,,198,26.6,,
Braintree,00400000,1153,21.5,365,6.8,1133,20.8,1613,30,,,,,2595,47.7,,
Brewster,00410000,25,5.7,18,4.1,83,18.9,179,40.9,,,,,214,48.7,,
Bridge Boston Charter School (District),04170000,161,47.9,95,28.3,62,18.5,261,77.7,,,,,293,87.2,,
Bridgewater-Raynham,06250000,323,6,137,2.5,938,17.3,1520,28.2,,,,,2105,38.8,,
Brimfield,00430000,3,1.1,3,1.1,41,15.2,84,31.2,,,,,111,41.1,,
Bristol County Agricultural,09100000,0,0,0,0,74,14.8,164,32.9,,,,,215,43.1,,
Bristol-Plymouth Regional Vocational Technical,08100000,23,1.7,9,0.7,235,17.6,487,36.6,,,,,626,47,,
Brockton,00440000,6820,44.7,4301,28.2,2569,16.7,11664,76.4,,,,,12910,84.1,,
Brooke Charter School (District),04280000,717,33.4,178,8.3,262,12.2,1456,67.9,,,,,1611,75.1,,
Brookfield,00450000,1,0.4,1,0.4,33,11.8,111,39.8,,,,,128,45.9,,
Brookline,00460000,2043,29.5,622,9,1220,17.5,967,14,,,,,2634,37.7,,
Burlington,00480000,773,22.5,209,6.1,540,15.3,707,20.6,,,,,1243,35.3,,
Cambridge,00490000,2017,30.5,424,6.4,1521,22.6,2535,38.3,,,,,3525,52.3,,
Canton,00500000,259,8,89,2.8,467,14.2,711,22,,,,,1128,34.3,,
Cape Cod Lighthouse Charter (District),04320000,15,6,1,0.4,47,18.8,69,27.6,,,,,103,41.2,,
Cape Cod Regional Vocational Technical,08150000,33,5,15,2.3,166,25.4,342,52.3,,,,,418,63.9,,
Carlisle,00510000,28,4.6,13,2.1,84,13.5,27,4.4,,,,,123,19.8,,
Carver,00520000,30,2,28,1.9,298,19.6,529,35.1,,,,,695,45.8,,
Central Berkshire,06350000,15,1,9,0.6,238,15.6,678,44.7,,,,,778,51,,
Chelmsford,00560000,1203,24.3,211,4.3,837,16.7,950,19.2,,,,,1732,34.6,,
Chelsea,00570000,5137,84.6,2524,41.6,1007,16.1,5047,83.1,,,,,5702,91.4,,
Chesterfield-Goshen,06320000,0,0,0,0,23,15.5,59,39.9,,,,,72,48.6,,
Chicopee,00610000,916,13.5,428,6.3,1289,18.9,4686,69,,,,,5050,74.1,,
Christa McAuliffe Charter Public (District),04180000,115,29.6,21,5.4,70,18,305,78.6,,,,,328,84.5,,
City on a Hill Charter Public School (District),04370000,63,27.5,56,24.5,56,24.5,179,78.2,,,,,202,88.2,,
Clarksburg,00630000,0,0,0,0,34,16.1,90,42.7,,,,,107,50.7,,
Clinton,00640000,552,29,284,14.9,424,21.9,1032,54.2,,,,,1251,64.6,,
Codman Academy Charter Public (District),04380000,79,23,42,12.2,86,25.1,295,86,,,,,310,90.4,,
Cohasset,00650000,8,0.6,1,0.1,196,13.6,106,7.5,,,,,279,19.4,,
Collegiate Charter School of Lowell (District),35030000,381,34.1,235,21,70,6.3,738,66.1,,,,,861,77.1,,
Community Charter School of Cambridge (District),04360000,126,43.8,29,10.1,49,17,175,60.8,,,,,202,70.1,,
Community Day Charter Public School - Gateway (District),04260000,217,54.1,91,22.7,45,11.2,298,74.3,,,,,328,81.8,,
Community Day Charter Public School - Prospect (District),04400000,234,58.5,98,24.5,50,12.5,311,77.8,,,,,351,87.8,,
Community Day Charter Public School - R. Kingman Webster (District),04310000,182,46.2,79,20.1,48,12.2,301,76.4,,,,,331,84,,
Concord,00670000,159,8,38,1.9,329,16.3,197,9.9,,,,,518,25.7,,
Concord-Carlisle,06400000,76,5.7,8,0.6,248,18.3,123,9.3,,,,,334,24.7,,
Conservatory Lab Charter (District),04390000,90,20.1,78,17.4,58,13,318,71.1,,,,,356,79.6,,
Conway,00680000,0,0,0,0,20,13.8,45,31,,,,,55,37.9,,
Danvers,00710000,165,5.1,53,1.6,647,19.8,860,26.7,,,,,1331,40.7,,
Dartmouth,00720000,104,3,58,1.7,629,18.2,1125,33,,,,,1518,43.9,,
Dedham,00730000,360,14,139,5.4,570,21.9,765,29.8,,,,,1167,44.8,,
Deerfield,00740000,6,1.8,5,1.5,54,16.6,73,22.4,,,,,102,31.3,,
Dennis-Yarmouth,06450000,588,21,362,13,525,18.6,1665,59.6,,,,,1929,68.3,,
Dighton-Rehoboth,06500000,42,1.6,12,0.5,456,17.7,604,23.5,,,,,896,34.7,,
Douglas,00770000,16,1.4,11,0.9,212,17.8,303,25.7,,,,,449,37.7,,
Dover,00780000,34,7,8,1.6,63,12.9,20,4.1,,,,,98,20,,
Dover-Sherborn,06550000,72,6.2,4,0.3,210,17.6,67,5.8,,,,,272,22.9,,
Dracut,00790000,203,5.6,113,3.1,563,15.4,1380,38,,,,,1749,47.7,,
Dudley Street Neighborhood Charter School (District),04070000,118,41.3,104,36.4,40,14,237,82.9,,,,,254,88.8,,
Dudley-Charlton Reg,06580000,274,7.9,107,3.1,617,17.7,1187,34.4,,,,,1571,45.1,,
Duxbury,00820000,68,2.4,13,0.5,367,12.9,253,9,,,,,582,20.5,,
East Bridgewater,00830000,48,2.3,35,1.7,383,18,603,28.6,,,,,861,40.5,,
East Longmeadow,00870000,167,6.7,31,1.2,484,19.1,688,27.6,,,,,1012,40,,
Eastham,00850000,17,8.9,10,5.2,29,15.1,106,55.2,,,,,119,62,,
Easthampton,00860000,92,6.5,45,3.2,323,22.5,582,41.1,,,,,736,51.3,,
Easton,00880000,219,6.4,62,1.8,663,19.2,695,20.3,,,,,1194,34.6,,
Edgartown,00890000,157,39.5,91,22.9,89,22.4,198,49.9,,,,,267,67.1,,
Edward M. Kennedy Academy for Health Careers (Horace Mann Charter) (District),04520000,200,50.6,53,13.4,89,22.5,323,81.8,,,,,351,88.9,,
Erving,00910000,1,0.8,1,0.8,29,21.6,62,46.6,,,,,79,59,,
Essex North Shore Agricultural and Technical School District,08170000,97,5.9,7,0.4,293,17.7,402,24.3,,,,,644,38.9,,
Everett,00930000,4614,67.7,2125,31.2,1232,17.9,5066,74.4,,,,,5867,85.1,,
Excel Academy Charter (District),04100000,776,56.8,156,11.4,268,19.6,959,70.3,,,,,1104,80.9,,
Fairhaven,00940000,66,3.6,22,1.2,299,16.1,758,41.1,,,,,913,49,,
Fall River,00950000,3123,30.4,1975,19.2,2414,23.3,8390,81.7,,,,,9007,86.9,,
Falmouth,00960000,253,8.3,137,4.5,617,20.1,1254,41.2,,,,,1574,51.2,,
Farmington River Reg,06620000,0,0,0,0,28,24.1,57,49.1,,,,,65,56,,
Fitchburg,00970000,1920,37,873,16.8,1285,24.2,3900,75.2,,,,,4362,82.2,,
Florida,00980000,0,0,0,0,20,19.2,58,55.8,,,,,67,64.4,,
Four Rivers Charter Public (District),04130000,0,0,0,0,32,14.7,75,34.4,,,,,91,41.7,,
Foxborough,00990000,128,5.2,56,2.3,506,20.4,565,23,,,,,950,38.2,,
Foxborough Regional Charter (District),04460000,292,17.3,123,7.3,164,9.7,747,44.2,,,,,917,54.3,,
Framingham,01000000,4451,50.4,2611,29.6,1941,21.5,4848,54.9,,,,,6162,68.3,,
Francis W. Parker Charter Essential (District),04780000,10,2.6,0,0,57,14.8,49,12.7,,,,,98,25.4,,
Franklin,01010000,344,7.2,83,1.7,892,18.4,704,14.8,,,,,1445,29.9,,
Franklin County Regional Vocational Technical,08180000,3,0.5,2,0.3,148,25.4,270,46.3,,,,,348,59.7,,
Freetown-Lakeville,06650000,57,2.1,33,1.2,475,17,714,25.9,,,,,1025,36.7,,
Frontier,06700000,17,2.8,2,0.3,118,19,174,28.5,,,,,239,38.5,,
Gardner,01030000,250,11.1,141,6.3,475,21,1506,66.9,,,,,1645,72.7,,
Gateway,06720000,26,3.5,11,1.5,174,23.6,336,45.8,,,,,423,57.4,,
Georgetown,01050000,21,1.6,0,0,246,19,192,15,,,,,386,29.9,,
Gill-Montague,06740000,86,10.2,55,6.5,231,27,509,60.2,,,,,594,69.3,,
Global Learning Charter Public (District),04960000,221,43.8,49,9.7,59,11.7,362,71.8,,,,,399,79.2,,
Gloucester,01070000,341,12,238,8.4,729,25.4,1368,48.3,,,,,1731,60.3,,
Gosnold,01090000,0,0,0,0,0,0,0,0,,,,,0,0,,
Grafton,01100000,138,4.4,77,2.5,596,18.8,611,19.5,,,,,1063,33.6,,
Granby,01110000,48,6.9,26,3.7,140,19.9,251,36,,,,,319,45.4,,
Greater Commonwealth Virtual District,39010000,81,7.9,18,1.7,232,22.5,594,57.7,,,,,680,66,,
Greater Fall River Regional Vocational Technical,08210000,116,8.2,18,1.3,146,10.3,704,49.5,,,,,780,54.9,,
Greater Lawrence Regional Vocational Technical,08230000,567,34.3,135,8.2,239,14.4,1168,70.6,,,,,1304,78.8,,
Greater Lowell Regional Vocational Technical,08280000,563,24.5,210,9.1,381,16.6,1334,58,,,,,1574,68.4,,
Greater New Bedford Regional Vocational Technical,08250000,386,18.3,99,4.7,226,10.7,1122,53.2,,,,,1275,60.4,,
Greenfield,01140000,137,8.5,77,4.8,333,20.4,1026,64,,,,,1122,68.9,,
Groton-Dunstable,06730000,60,2.6,28,1.2,370,15.8,266,11.5,,,,,595,25.4,,
Hadley,01170000,27,5.3,19,3.7,79,15.5,146,28.7,,,,,198,38.7,,
Halifax,01180000,9,1.6,4,0.7,108,18.6,147,26.1,,,,,227,39,,
Hamilton-Wenham,06750000,45,2.7,16,1,334,19.4,179,10.6,,,,,474,27.5,,
Hampden Charter School of Science East (District),04990000,42,7.6,27,4.9,60,10.8,356,64.3,,,,,380,68.6,,
Hampden Charter School of Science West (District),35160000,51,13.9,31,8.4,65,17.7,231,62.8,,,,,258,70.1,,
Hampden-Wilbraham,06800000,99,3.4,37,1.3,486,16.7,675,23.4,,,,,1003,34.4,,
Hampshire,06830000,19,2.8,13,1.9,157,22.5,145,21.2,,,,,248,35.6,,
Hancock,01210000,1,1.8,0,0,12,21.1,20,35.1,,,,,25,43.9,,
Hanover,01220000,106,4.1,32,1.2,530,20.2,286,11,,,,,743,28.3,,
Harvard,01250000,57,5.6,7,0.7,118,11.2,85,8.3,,,,,208,19.8,,
Hatfield,01270000,5,1.3,1,0.3,106,26.9,93,23.8,,,,,164,41.6,,
Haverhill,01280000,1634,21.1,786,10.2,1794,22.9,4855,62.7,,,,,5532,70.8,,
Hawlemont,06850000,6,4.9,6,4.9,32,26,65,52.8,,,,,74,60.2,,
Helen Y. Davis Leadership Academy Charter Public (District),04190000,6,4.3,3,2.2,22,15.9,118,85.5,,,,,122,88.4,,
Hill View Montessori Charter Public (District),04550000,40,13.1,15,4.9,60,19.6,114,37.3,,,,,168,54.9,,
Hilltown Cooperative Charter Public (District),04500000,2,0.9,0,0,31,14.3,42,19.4,,,,,58,26.7,,
Hingham,01310000,96,2.5,15,0.4,604,15.5,320,8.3,,,,,847,21.7,,
Holbrook,01330000,276,21.5,82,6.4,267,20.4,581,45.2,,,,,770,58.7,,
Holland,01350000,0,0,0,0,23,10.1,98,43.4,,,,,108,47.6,,
Holliston,01360000,334,11.9,62,2.2,469,16.5,324,11.5,,,,,783,27.5,,
Holyoke,01370000,1875,36.8,976,19.1,1483,28.6,4415,86.5,,,,,4674,90,,
Holyoke Community Charter (District),04530000,215,32.9,78,11.9,128,19.6,558,85.5,,,,,583,89.3,,
Hoosac Valley Regional,06030000,11,1.1,7,0.7,249,24.7,618,61.3,,,,,675,66.8,,
Hopedale,01380000,111,10,57,5.1,217,19.2,252,22.6,,,,,419,37,,
Hopkinton,01390000,765,19.1,278,6.9,501,12.4,317,7.9,,,,,1153,28.6,,
Hudson,01410000,689,29.5,325,13.9,432,18.3,885,37.9,,,,,1214,51.3,,
Hull,01420000,10,1.2,8,1,179,21.8,292,36.3,,,,,391,47.6,,
Innovation Academy Charter (District),04350000,77,9.9,23,3,183,23.6,213,27.4,,,,,343,44.2,,
Ipswich,01440000,96,5.9,30,1.8,307,18.7,333,20.5,,,,,552,33.5,,
King Philip,06900000,46,2.5,6,0.3,334,17.5,286,15.3,,,,,539,28.3,,
Kingston,01450000,49,4.7,42,4,202,18.9,253,24.2,,,,,398,37.3,,
KIPP Academy Boston Charter School (District),04630000,297,49.5,110,18.3,117,19.5,482,80.3,,,,,527,87.8,,
KIPP Academy Lynn Charter (District),04290000,1306,80.9,215,13.3,186,11.5,1164,72.1,,,,,1280,79.3,,
Lawrence,01490000,9173,71.7,4697,36.7,2425,18.9,11359,88.8,,,,,12103,94.1,,
Lawrence Family Development Charter (District),04540000,613,77,208,26.1,61,7.7,669,84,,,,,719,90.3,,
Learning First Charter Public School (District),04860000,359,53.5,175,26.1,91,13.6,557,83,,,,,598,89.1,,
Lee,01500000,46,7,24,3.6,113,17,302,45.8,,,,,358,54,,
Leicester,01510000,134,9.6,60,4.3,266,18.9,524,37.7,,,,,679,48.2,,
Lenox,01520000,55,7.6,17,2.4,72,10,185,25.6,,,,,238,32.9,,
Leominster,01530000,1754,29.7,800,13.5,1380,23,3419,57.8,,,,,4084,68.1,,
Leverett,01540000,0,0,0,0,20,13.9,40,27.8,,,,,53,36.8,,
Lexington,01550000,2296,33.8,569,8.4,978,14.2,582,8.6,,,,,2232,32.4,,
Libertas Academy Charter School (District),35140000,89,26.8,89,26.8,75,22.6,293,88.3,,,,,304,91.6,,
Lincoln,01570000,106,9.9,48,4.5,209,19.2,120,11.3,,,,,335,30.7,,
Lincoln-Sudbury,06950000,78,5.2,9,0.6,346,22.1,144,9.5,,,,,442,28.2,,
Littleton,01580000,126,7.7,30,1.8,272,16.3,181,11,,,,,450,27,,
Longmeadow,01590000,200,7.2,17,0.6,536,19,346,12.4,,,,,812,28.8,,
Lowell,01600000,5137,36.7,3682,26.3,2624,18.6,10495,75,,,,,11857,84.1,,
Lowell Community Charter Public (District),04560000,612,74.5,463,56.3,120,14.6,600,73,,,,,719,87.5,,
Lowell Middlesex Academy Charter (District),04580000,4,5.4,2,2.7,22,29.7,59,79.7,,,,,67,90.5,,
Ludlow,01610000,233,10.2,119,5.2,410,17.7,908,39.6,,,,,1151,49.7,,
Lunenburg,01620000,87,5.4,22,1.4,227,14.1,409,25.6,,,,,556,34.6,,
Lynn,01630000,10104,64.2,5716,36.3,2781,17.5,11995,76.3,,,,,13611,85.8,,
Lynnfield,01640000,186,8.6,58,2.7,387,17.7,233,10.8,,,,,601,27.5,,
Ma Academy for Math and Science,04680000,0,0,0,0,0,0,3,3.3,,,,,4,4.4,,
Malden,01650000,3491,57.2,1116,18.3,1074,17.4,3977,65.2,,,,,4725,76.5,,
Manchester Essex Regional,06980000,33,2.6,11,0.9,225,17.7,169,13.5,,,,,364,28.6,,
Mansfield,01670000,221,6.4,68,2,567,16.4,752,21.9,,,,,1164,33.6,,
Map Academy Charter School (District),35170000,0,0,0,0,121,54.3,145,65,,,,,178,79.8,,
Marblehead,01680000,217,8.3,122,4.7,600,22.7,361,13.9,,,,,891,33.6,,
Marblehead Community Charter Public (District),04640000,18,8,14,6.2,63,28,49,21.8,,,,,113,50.2,,
Marion,01690000,5,1.2,1,0.2,83,20.1,118,29.1,,,,,173,42,,
Marlborough,01700000,2510,54.1,1218,26.2,766,16.3,2672,57.5,,,,,3384,72.1,,
Marshfield,01710000,147,3.8,70,1.8,750,19.4,737,19.3,,,,,1282,33.2,,
Martha's Vineyard,07000000,190,26.9,62,8.8,145,20.2,309,43.8,,,,,423,58.8,,
Martha's Vineyard Charter (District),04660000,6,3.6,6,3.6,44,26.7,89,53.9,,,,,107,64.8,,
Martin Luther King Jr. Charter School of Excellence (District),04920000,112,32,88,25.1,49,14,308,88,,,,,326,93.1,,
Masconomet,07050000,18,1.1,4,0.2,321,19,172,10.5,,,,,450,26.6,,
Mashpee,01720000,158,10.8,70,4.8,226,15.3,656,45,,,,,773,52.4,,
Match Charter Public School (District),04690000,673,54.9,213,17.4,267,21.8,964,78.7,,,,,1071,87.4,,
Mattapoisett,01730000,2,0.5,1,0.2,72,16.3,113,25.9,,,,,156,35.4,,
Maynard,01740000,148,12.5,68,5.7,220,18.2,322,27.2,,,,,485,40.1,,
Medfield,01750000,91,3.6,32,1.3,331,13,223,8.8,,,,,523,20.5,,
Medford,01760000,1078,26.8,417,10.4,821,20.2,1628,40.5,,,,,2187,53.9,,
Medway,01770000,63,3,48,2.3,327,15.3,295,14,,,,,568,26.6,,
Melrose,01780000,532,14.2,201,5.4,633,16.7,603,16.1,,,,,1193,31.5,,
Mendon-Upton,07100000,122,5.7,55,2.6,366,16.9,303,14.2,,,,,633,29.2,,
Methuen,01810000,1830,28.4,858,13.3,1293,19.6,3454,53.6,,,,,4259,64.7,,
Middleborough,01820000,85,2.8,45,1.5,564,18.6,1249,41.5,,,,,1514,49.8,,
Middleton,01840000,38,5.4,21,3,118,16.6,86,12.1,,,,,201,28.3,,
Milford,01850000,1976,45.9,1131,26.2,747,17.1,2363,54.8,,,,,2876,65.9,,
Millbury,01860000,139,8.7,60,3.7,316,19.5,567,35.4,,,,,776,47.9,,
Millis,01870000,75,6.4,24,2,169,14.2,221,18.8,,,,,355,29.9,,
Milton,01890000,438,10.1,118,2.7,748,17,630,14.5,,,,,1288,29.3,,
Minuteman Regional Vocational Technical,08300000,28,4.3,2,0.3,267,40.8,150,22.9,,,,,355,54.2,,
Mohawk Trail,07170000,7,0.9,6,0.8,169,21.9,369,48.4,,,,,438,56.8,,
Monomoy Regional School District,07120000,171,9.7,75,4.3,312,17.6,702,39.8,,,,,862,48.6,,
Monson,01910000,19,2.3,5,0.6,186,21.8,353,42.1,,,,,450,52.8,,
Montachusett Regional Vocational Technical,08320000,77,5.4,9,0.6,216,15.3,522,36.9,,,,,671,47.5,,
Mount Greylock,07150000,22,1.9,17,1.5,160,13.8,303,26.3,,,,,397,34.3,,
Mystic Valley Regional Charter (District),04700000,759,47.9,34,2.1,169,10.7,511,32.2,,,,,658,41.5,,
Nahant,01960000,1,0.6,0,0,23,14,40,24.4,,,,,55,33.5,,
Nantucket,01970000,720,43.1,251,15,289,17.2,706,42.2,,,,,989,58.8,,
Narragansett,07200000,28,2,7,0.5,275,19.5,589,42.3,,,,,717,50.8,,
Nashoba,07250000,269,8.7,80,2.6,544,17.5,413,13.4,,,,,898,28.9,,
Nashoba Valley Regional Vocational Technical,08520000,22,3,3,0.4,238,32.3,237,32.2,,,,,401,54.5,,
Natick,01980000,609,11.5,182,3.4,886,16.5,714,13.5,,,,,1566,29.1,,
Nauset,06600000,79,5.8,22,1.6,276,20,456,33.4,,,,,612,44.3,,
Needham,01990000,611,11.1,177,3.2,1002,17.9,465,8.4,,,,,1532,27.4,,
Neighborhood House Charter (District),04440000,173,22.6,71,9.3,173,22.6,485,63.5,,,,,569,74.5,,
New Bedford,02010000,5278,42.2,3202,25.6,2796,22.2,10318,82.5,,,,,11181,88.7,,
New Heights Charter School of Brockton (District),35130000,153,20.6,109,14.7,69,9.3,478,64.2,,,,,552,74.2,,
New Salem-Wendell,07280000,0,0,0,0,29,22.3,58,44.6,,,,,68,52.3,,
Newburyport,02040000,138,6.4,51,2.4,452,20.7,286,13.3,,,,,664,30.4,,
Newton,02070000,3402,28.4,669,5.6,2173,18,1592,13.3,,,,,4078,33.7,,
Norfolk,02080000,49,4.8,22,2.1,182,17.6,75,7.3,,,,,258,25,,
Norfolk County Agricultural,09150000,2,0.3,2,0.3,142,24.1,140,23.8,,,,,250,42.5,,
North Adams,02090000,18,1.4,14,1.1,327,25.8,941,74.9,,,,,996,78.7,,
North Andover,02110000,524,11.7,105,2.3,868,19.1,1050,23.4,,,,,1675,36.9,,
North Attleborough,02120000,400,10.1,97,2.4,747,18.7,1000,25.2,,,,,1547,38.7,,
North Brookfield,02150000,8,1.8,5,1.1,106,23.1,239,52.6,,,,,292,63.8,,
North Middlesex,07350000,89,3,51,1.7,709,23.3,875,29.3,,,,,1353,44.5,,
North Reading,02170000,48,2.1,13,0.6,441,18.8,284,12.2,,,,,647,27.6,,
Northampton,02100000,268,10.2,146,5.6,586,22.2,822,31.4,,,,,1134,43,,
Northampton-Smith Vocational Agricultural,04060000,24,4.4,20,3.7,220,40.2,227,41.5,,,,,347,63.4,,
Northboro-Southboro,07300000,193,15.2,27,2.1,200,15.7,160,12.6,,,,,336,26.3,,
Northborough,02130000,325,21,80,5.2,330,21,307,19.8,,,,,601,38.3,,
Northbridge,02140000,97,4.9,44,2.2,382,19.1,797,40.4,,,,,999,50,,
Northeast Metropolitan Regional Vocational Technical,08530000,247,18.9,47,3.6,327,25,684,52.3,,,,,874,66.9,,
Northern Berkshire Regional Vocational Technical,08510000,0,0,0,0,77,14.7,232,44.4,,,,,268,51.2,,
Norton,02180000,69,2.9,51,2.1,522,21.7,649,27.3,,,,,983,40.9,,
Norwell,02190000,41,1.9,9,0.4,356,16.1,136,6.2,,,,,464,21,,
Norwood,02200000,926,26.9,439,12.7,781,22.3,1381,40.1,,,,,1945,55.6,,
Oak Bluffs,02210000,135,31.6,93,21.8,95,22.1,193,45.2,,,,,268,62.5,,
Old Colony Regional Vocational Technical,08550000,0,0,0,0,122,21.7,152,27,,,,,232,41.2,,
Old Rochester,07400000,19,1.7,2,0.2,160,14.7,235,21.6,,,,,336,30.9,,
Old Sturbridge Academy Charter Public School (District),35150000,17,5.3,12,3.8,63,19.7,140,43.8,,,,,178,55.6,,
Orange,02230000,9,1.7,8,1.5,141,26.1,401,74.8,,,,,431,79.7,,
Orleans,02240000,13,7.9,9,5.5,29,17.7,75,45.7,,,,,89,54.3,,
Oxford,02260000,38,2.6,28,1.9,294,19.8,666,45.4,,,,,790,53.1,,
Palmer,02270000,74,6.2,54,4.6,243,20.2,697,58.8,,,,,782,65.1,,
Pathfinder Regional Vocational Technical,08600000,1,0.2,1,0.2,173,27.5,289,45.9,,,,,379,60.3,,
Paulo Freire Social Justice Charter School (District),35010000,62,25.5,12,4.9,50,20.6,220,90.5,,,,,224,92.2,,
Peabody,02290000,1080,18.4,577,9.8,1223,20.5,2724,46.3,,,,,3497,58.5,,
Pelham,02300000,9,7.7,2,1.7,20,17.1,19,16.2,,,,,37,31.6,,
Pembroke,02310000,74,2.9,46,1.8,436,16.8,478,18.7,,,,,824,31.8,,
Pentucket,07450000,22,1,7,0.3,509,22.8,357,16.2,,,,,735,32.9,,
Petersham,02340000,2,1.8,1,0.9,23,20.2,44,38.9,,,,,57,50,,
Phoenix Academy Charter Public High School Chelsea (District),04930000,146,78.9,117,63.2,20,10.8,164,88.6,,,,,179,96.8,,
Phoenix Academy Public Charter High School Lawrence (District),35180000,81,58.7,33,23.9,38,27.5,126,91.3,,,,,134,97.1,,
Phoenix Academy Public Charter High School Springfield (District),35080000,46,26.3,25,14.3,43,24.6,157,89.7,,,,,161,92,,
Pioneer Charter School of Science (District),04940000,496,64,163,21,64,8.3,461,59.5,,,,,586,75.6,,
Pioneer Charter School of Science II (District),35060000,170,45.2,45,12,46,12.2,187,49.7,,,,,247,65.7,,
Pioneer Valley,07500000,14,2.1,8,1.2,121,18.3,248,37.7,,,,,309,46.7,,
Pioneer Valley Chinese Immersion Charter (District),04970000,120,21,11,1.9,67,11.7,152,26.6,,,,,212,37.1,,
Pioneer Valley Performing Arts Charter Public (District),04790000,0,0,0,0,88,22,163,40.8,,,,,197,49.3,,
Pittsfield,02360000,454,9.2,278,5.6,1068,21.4,3343,67.5,,,,,3643,72.8,,
Plainville,02380000,37,5.6,27,4.1,140,21.1,193,29.4,,,,,288,43.5,,
Plymouth,02390000,420,5.8,259,3.6,1532,21.1,2470,34.3,,,,,3384,46.5,,
Plympton,02400000,6,2.5,5,2.1,38,15.5,59,24.5,,,,,86,35.1,,
Prospect Hill Academy Charter (District),04870000,484,44.2,181,16.5,168,15.3,729,66.5,,,,,842,76.8,,
Provincetown,02420000,35,24.8,24,17,28,19.9,78,55.3,,,,,95,67.4,,
Quabbin,07530000,31,1.4,9,0.4,451,20,861,38.7,,,,,1075,47.7,,
Quaboag Regional,07780000,41,3.6,18,1.6,231,20.1,564,49.4,,,,,656,56.9,,
Quincy,02430000,4182,44.5,1434,15.2,1882,19.7,4723,50.2,,,,,6366,66.7,,
Ralph C Mahar,07550000,9,1.6,3,0.5,149,25.9,320,57.5,,,,,370,64.2,,
Randolph,02440000,981,38.2,423,16.5,568,21.7,1683,65.5,,,,,2039,77.9,,
Reading,02460000,106,2.8,41,1.1,734,18.8,445,11.6,,,,,1049,26.9,,
Revere,02480000,4792,67.1,1755,24.6,1240,17,5049,70.7,,,,,5907,81.1,,
Richmond,02490000,1,0.6,0,0,29,18.5,54,34.4,,,,,72,45.9,,
Rising Tide Charter Public (District),04830000,18,2.7,9,1.4,143,21.8,155,23.7,,,,,259,39.5,,
River Valley Charter (District),04820000,1,0.3,0,0,40,13.9,28,9.7,,,,,61,21.2,,
Rochester,02500000,3,0.6,3,0.6,94,18,122,23.6,,,,,183,35.1,,
Rockland,02510000,336,15.9,188,8.9,386,18,1016,48,,,,,1229,57.2,,
Rockport,02520000,15,2,5,0.7,165,21.6,213,28.5,,,,,335,43.8,,
Rowe,02530000,0,0,0,0,23,35.4,37,56.9,,,,,46,70.8,,
Roxbury Preparatory Charter (District),04840000,593,39,248,16.3,248,16.3,1220,80.2,,,,,1338,88,,
Salem,02580000,1205,32.9,550,15,730,19.7,2313,63.1,,,,,2653,71.6,,
Salem Academy Charter (District),04850000,125,25.3,14,2.8,86,17.4,267,53.9,,,,,299,60.4,,
Sandwich,02610000,60,2.6,31,1.4,452,19.5,593,25.9,,,,,897,38.7,,
Saugus,02620000,565,23.2,207,8.5,391,15.8,1142,46.9,,,,,1433,58,,
Savoy,02630000,0,0,0,0,9,17.6,27,52.9,,,,,32,62.7,,
Scituate,02640000,71,2.6,12,0.4,468,16.7,356,12.8,,,,,741,26.4,,
Seekonk,02650000,148,7.1,44,2.1,382,18.1,408,19.7,,,,,725,34.4,,
Sharon,02660000,919,26,108,3.1,555,15.5,457,12.9,,,,,1053,29.4,,
Shawsheen Valley Regional Vocational Technical,08710000,21,1.6,0,0,363,27.6,295,22.4,,,,,554,42.1,,
Sherborn,02690000,25,6.2,8,2,57,14.1,24,6,,,,,83,20.5,,
Shrewsbury,02710000,2160,36.7,159,2.7,865,14.6,1062,18,,,,,1891,31.9,,
Shutesbury,02720000,2,1.7,2,1.7,26,22.6,35,30.4,,,,,47,40.9,,
Silver Lake,07600000,37,2.2,20,1.2,307,18.2,415,24.5,,,,,616,36.4,,
Sizer School: A North Central Charter Essential (District),04740000,11,3.1,8,2.3,99,28.3,186,53.1,,,,,221,63.1,,
Somerset,02730000,52,3.2,14,0.9,304,18.3,563,34.2,,,,,734,44.2,,
Somerset Berkley Regional School District,07630000,23,2.3,2,0.2,171,16.9,251,25.2,,,,,352,34.8,,
Somerville,02740000,2322,49.7,975,20.9,934,19.7,2497,53.4,,,,,3039,64.2,,
South Hadley,02780000,140,7.9,78,4.4,318,17.8,640,36.3,,,,,845,47.4,,
South Middlesex Regional Vocational Technical,08290000,326,38.4,140,16.5,321,37.8,507,59.6,,,,,685,80.6,,
South Shore Charter Public (District),04880000,456,43.4,112,10.7,211,20.1,391,37.2,,,,,627,59.7,,
South Shore Regional Vocational Technical,08730000,9,1.4,2,0.3,181,27.6,211,32.2,,,,,333,50.8,,
Southampton,02750000,11,2.4,9,1.9,130,27.7,98,21,,,,,194,41.3,,
Southborough,02760000,258,20.7,93,7.5,197,15.7,110,8.8,,,,,373,29.7,,
Southbridge,02770000,641,35.5,352,19.5,432,23.5,1527,84.6,,,,,1655,90,,
Southeastern Regional Vocational Technical,08720000,355,22.9,63,4.1,221,14.3,724,46.7,,,,,894,57.7,,
Southern Berkshire,07650000,41,6.5,22,3.5,85,13.3,296,46.8,,,,,335,52.6,,
Southern Worcester County Regional Vocational School District,08760000,49,4.2,12,1,171,14.6,421,35.9,,,,,515,43.9,,
Southwick-Tolland-Granville Regional School District,07660000,73,5.4,47,3.5,222,16.3,498,36.6,,,,,613,44.9,,
Spencer-E Brookfield,07670000,82,5.9,51,3.7,286,20.1,702,50.3,,,,,843,59.1,,
Springfield,02810000,7083,29.8,3913,16.4,5928,24.7,20798,87.4,,,,,21723,90.6,,
Springfield International Charter (District),04410000,226,14.9,167,11,234,15.4,915,60.2,,,,,1070,70.4,,
Springfield Preparatory Charter School (District),35100000,101,23.3,70,16.2,85,19.6,334,77.1,,,,,365,84.3,,
Stoneham,02840000,275,12.3,77,3.4,465,20.4,561,25,,,,,900,39.5,,
Stoughton,02850000,679,19.5,266,7.7,595,16.9,1610,46.3,,,,,1984,56.4,,
Sturbridge,02870000,22,2.6,22,2.6,133,15.6,182,21.5,,,,,291,34.2,,
Sturgis Charter Public (District),04890000,109,12.9,9,1.1,136,16.1,211,24.9,,,,,317,37.5,,
Sudbury,02880000,215,8.5,60,2.4,477,18.9,202,8,,,,,664,26.3,,
Sunderland,02890000,22,11.7,11,5.9,37,19.5,75,39.9,,,,,98,51.6,,
Sutton,02900000,37,3.1,17,1.4,219,17.9,223,18.4,,,,,395,32.3,,
Swampscott,02910000,319,15.6,108,5.3,414,20,483,23.7,,,,,837,40.3,,
Swansea,02920000,39,1.9,8,0.4,274,13.5,616,30.6,,,,,775,38.3,,
Tantasqua,07700000,37,2.1,18,1,236,13.1,514,28.7,,,,,657,36.5,,
Taunton,02930000,984,12.7,493,6.4,1527,19.4,4673,60.2,,,,,5260,67,,
TEC Connections Academy Commonwealth Virtual School District,39020000,158,5.9,38,1.4,552,20.6,1451,54,,,,,1686,62.8,,
Tewksbury,02950000,282,8.9,108,3.4,629,19.4,732,23,,,,,1231,37.9,,
Tisbury,02960000,146,51,92,32.2,51,17.8,159,55.6,,,,,198,69.2,,
Topsfield,02980000,6,1,3,0.5,117,18.7,43,6.9,,,,,150,24,,
Tri-County Regional Vocational Technical,08780000,1,0.1,1,0.1,307,32.7,260,27.7,,,,,473,50.4,,
Triton,07730000,81,3.7,26,1.2,416,18.5,744,33.6,,,,,1003,44.6,,
Truro,03000000,2,1.8,2,1.8,20,17.9,53,47.7,,,,,65,58,,
Tyngsborough,03010000,187,11.5,92,5.7,325,19.7,402,24.8,,,,,677,41.1,,
UP Academy Charter School of Boston (District),04800000,162,51.1,80,25.2,95,30,268,84.5,,,,,287,90.5,,
UP Academy Charter School of Dorchester (District),35050000,317,48.5,242,37.1,89,13.6,549,84.1,,,,,598,91.6,,
Up-Island Regional,07740000,40,9.7,18,4.4,72,17.4,132,32,,,,,185,44.8,,
Upper Cape Cod Regional Vocational Technical,08790000,0,0,0,0,202,27.2,315,42.3,,,,,427,57.4,,
Uxbridge,03040000,82,5,31,1.9,285,17.4,482,29.6,,,,,660,40.2,,
Veritas Preparatory Charter School (District),04980000,99,26.1,20,5.3,74,19.5,331,87.1,,,,,342,90,,
Wachusett,07750000,292,4.3,131,1.9,959,14.1,1164,17.3,,,,,2002,29.5,,
Wakefield,03050000,218,6.6,85,2.6,590,17.6,606,18.3,,,,,1083,32.4,,
Wales,03060000,2,1.7,2,1.7,24,20.3,59,50,,,,,70,59.3,,
Walpole,03070000,400,10.9,152,4.1,562,15.2,620,16.9,,,,,1116,30.1,,
Waltham,03080000,2813,51.2,1325,24.1,930,16.7,2810,51.1,,,,,3497,62.9,,
Ware,03090000,34,3,13,1.2,238,21,736,65.5,,,,,793,69.8,,
Wareham,03100000,60,2.9,23,1.1,538,25.9,1375,67.3,,,,,1512,72.8,,
Watertown,03140000,1001,38.9,391,15.2,512,19.6,979,38.1,,,,,1374,52.6,,
Wayland,03150000,365,13.5,89,3.3,512,18.6,286,10.5,,,,,822,29.9,,
Webster,03160000,310,18.3,205,12.1,407,23.5,1236,72.8,,,,,1370,79.2,,
Wellesley,03170000,325,7.6,79,1.8,741,17.1,316,7.4,,,,,1114,25.6,,
Wellfleet,03180000,3,2.7,1,0.9,18,15.9,53,47.3,,,,,58,51.3,,
West Boylston,03220000,69,7.8,35,4,180,20.2,267,30.4,,,,,400,44.9,,
West Bridgewater,03230000,58,4.2,34,2.5,161,11.6,353,25.6,,,,,479,34.6,,
West Springfield,03320000,1084,28.1,375,9.7,729,18.7,2248,58.4,,,,,2543,65.4,,
Westborough,03210000,1258,32.6,356,9.2,590,15.2,602,15.6,,,,,1475,38,,
Westfield,03250000,618,12.9,268,5.6,1048,21.7,2391,50.1,,,,,2833,58.7,,
Westford,03260000,597,12.8,91,1.9,770,16.3,452,9.7,,,,,1232,26.1,,
Westhampton,03270000,0,0,0,0,24,23.3,31,30.1,,,,,45,43.7,,
Weston,03300000,177,9.1,66,3.4,329,16.7,161,8.3,,,,,537,27.2,,
Westport,03310000,37,2.6,21,1.5,269,18.7,512,35.8,,,,,673,46.7,,
Westwood,03350000,182,6.3,21,0.7,579,19.9,211,7.3,,,,,761,26.2,,
Weymouth,03360000,810,14.6,318,5.7,1240,22,2371,42.6,,,,,3106,55.1,,
Whately,03370000,6,5,5,4.1,12,9.9,31,25.6,,,,,42,34.7,,
Whitman-Hanson,07800000,163,4.6,80,2.2,597,16.6,1060,29.8,,,,,1456,40.5,,
Whittier Regional Vocational Technical,08850000,88,6.9,15,1.2,247,19.3,528,41.2,,,,,684,53.4,,
Williamsburg,03400000,2,1.4,1,0.7,21,15,49,35.5,,,,,60,42.9,,
Wilmington,03420000,115,4.1,40,1.4,484,17,456,16.3,,,,,839,29.4,,
Winchendon,03430000,39,3.2,24,2,285,23.2,717,59.5,,,,,832,67.6,,
Winchester,03440000,868,19.9,134,3.1,722,16.4,320,7.3,,,,,1160,26.3,,
Winthrop,03460000,376,20,156,8.3,295,15.6,753,40,,,,,960,50.6,,
Woburn,03470000,928,21.6,403,9.4,787,18,1730,40.3,,,,,2290,52.5,,
Worcester,03480000,13986,58.9,6708,28.3,5095,21.1,17638,74.3,,,,,20303,84.1,,
Worthington,03490000,0,0,0,0,8,11.9,26,38.8,,,,,30,44.8,,
Wrentham,03500000,50,5.4,26,2.8,171,18.5,136,14.8,,,,,291,31.5,,
State Totals,00000000,218070,23.9,100231,11,174505,18.9,399140,43.8,,,,,512242,55.6,,